split,feature,log1p_mean,global_log1p_mean,standardized_mean_difference
train,wt_volume_mm3,11.292076428260076,11.289629995717863,0.0033831342831092807
validation,wt_volume_mm3,11.254635296162046,11.289629995717863,-0.048393636755385425
test,wt_volume_mm3,11.298597891497236,11.289629995717863,0.012401566417648318
train,tc_volume_mm3,10.18038099370589,10.195743095483934,-0.01414316523899691
validation,tc_volume_mm3,10.221171419662566,10.195743095483934,0.02341066318953785
test,tc_volume_mm3,10.236588693647791,10.195743095483934,0.037604622887134426
train,et_volume_mm3,8.680310618702212,8.703613515815466,-0.008401229194930757
validation,et_volume_mm3,8.640744224859835,8.703613515815466,-0.022665822196872826
test,et_volume_mm3,8.816293397174633,8.703613515815466,0.0406236831564406
