comparison_id,comparison_role,first_candidate,second_candidate,metric,formal_hypothesis_test,paired_patient_count,excluded_nonfinite_pair_count,paired_mean_difference,paired_median_difference,paired_bootstrap_lower,paired_bootstrap_upper,standardized_paired_effect_dz,permutation_p_value,holm_adjusted_p_value,reject_holm_alpha_0_05
bunet_vs_unet_reference,primary,bunet,unet_reference,mean_regional_dice,True,74,0,0.016725931725792228,0.0042668359980161386,0.005106686975700617,0.02952534523966074,0.30777666411376653,0.007129928700712993,0.014259857401425985,True
bunet_vs_unet_reference,primary,bunet,unet_reference,wt_dice,False,74,0,0.013588493810278306,-0.0009981567463808183,-0.0060981557677223025,0.03510809301390968,0.15015720566176535,,,False
bunet_vs_unet_reference,primary,bunet,unet_reference,tc_dice,False,74,0,0.03150346823062448,0.016160037750162948,0.016801861061839965,0.04799098246876862,0.45970550726682446,,,False
bunet_vs_unet_reference,primary,bunet,unet_reference,et_dice,False,74,0,0.005085833136473861,-0.002069333002900353,-0.014181351608540307,0.024135851935483767,0.06156408966495245,,,False
bunet_vs_unet_reference,primary,bunet,unet_reference,wt_hd95_mm,False,74,0,13.896706558865782,13.430805484416146,10.676634036549375,17.141029375888948,0.9788305498639797,,,False
bunet_vs_unet_reference,primary,bunet,unet_reference,tc_hd95_mm,False,71,3,4.4665196501932956,0.6130945721138552,1.9451819730019757,7.16475054800563,0.3925227884731452,,,False
bunet_vs_unet_reference,primary,bunet,unet_reference,et_hd95_mm,False,68,6,1.5383238526606262,-0.09771600521369495,-0.7206850723255708,3.9302351267182503,0.15774236991614268,,,False
bunet_vs_unet_reference,primary,bunet,unet_reference,wt_surface_dice,False,74,0,0.015766717537526398,0.003313364883694603,-0.013765937426673567,0.04634372898073164,0.11862325763151019,,,False
bunet_vs_unet_reference,primary,bunet,unet_reference,tc_surface_dice,False,74,0,0.008753487723402505,0.013335962751204675,-0.0030593230265404422,0.02044612872180458,0.16942061133284897,,,False
bunet_vs_unet_reference,primary,bunet,unet_reference,et_surface_dice,False,74,0,0.010187508873259287,0.004719879096655832,-0.007904618096494514,0.028111633505785796,0.12742830168274352,,,False
bunet_vs_unet_reference,primary,bunet,unet_reference,wt_lesion_recall,False,74,0,0.029401165871754103,0.0,0.014882496467055284,0.04621060608928256,0.41613530724959547,,,False
bunet_vs_unet_reference,primary,bunet,unet_reference,tc_lesion_recall,False,74,0,0.010076147576147578,0.0,-0.006885635635635628,0.028528573216073216,0.12937920973555142,,,False
bunet_vs_unet_reference,primary,bunet,unet_reference,et_lesion_recall,False,69,5,0.005259944248861555,0.0,-0.008974432343571299,0.019859096880196617,0.08590875707780547,,,False
bunet_vs_unet_reference,primary,bunet,unet_reference,wt_lesion_precision,False,74,0,-0.1927949413007528,-0.12879069874439952,-0.2338265599195561,-0.15271244471612186,-1.075057012559158,,,False
bunet_vs_unet_reference,primary,bunet,unet_reference,tc_lesion_precision,False,71,3,0.02956127625984241,0.022076153693800782,-0.005171237181087512,0.0638247027809103,0.19859463096907382,,,False
bunet_vs_unet_reference,primary,bunet,unet_reference,et_lesion_precision,False,71,3,0.020922451818895835,0.0031988469886771523,-0.01102120912551332,0.05260139208167671,0.1538919218193067,,,False
bunet_vs_unet_reference,primary,bunet,unet_reference,wt_lesion_wise_dice,False,74,0,0.013907391426149709,0.008083778416239445,0.006607252802722912,0.021346099808994264,0.4297279275021062,,,False
bunet_vs_unet_reference,primary,bunet,unet_reference,tc_lesion_wise_dice,False,74,0,0.017950474531288337,0.010943823710204886,0.007018597211928945,0.0315077503030501,0.33404668852952696,,,False
bunet_vs_unet_reference,primary,bunet,unet_reference,et_lesion_wise_dice,False,69,5,0.011279303026015515,-8.622310550721334e-05,0.0009774210555612256,0.0273442342280256,0.1925457017204143,,,False
bunet_vs_unet_reference,primary,bunet,unet_reference,wt_false_positive_lesion_count,False,74,0,13.781981981981982,10.166666666666668,11.005360360360362,16.850563063063067,1.0555770961064648,,,False
bunet_vs_unet_reference,primary,bunet,unet_reference,tc_false_positive_lesion_count,False,74,0,-1.798198198198198,-1.0666666666666664,-2.662162162162162,-0.9963963963963964,-0.4823962616710168,,,False
bunet_vs_unet_reference,primary,bunet,unet_reference,et_false_positive_lesion_count,False,74,0,-0.863963963963964,-0.3333333333333326,-1.4945945945945944,-0.2810810810810812,-0.3274204331849095,,,False
bunet_vs_unet_reference,primary,bunet,unet_reference,wt_relative_volume_error,False,74,0,0.16892073701112736,0.10787399320344487,0.1299428816635287,0.21385444778850612,0.9271115792860798,,,False
bunet_vs_unet_reference,primary,bunet,unet_reference,tc_relative_volume_error,False,74,0,0.08260910127198026,0.06665815060291228,0.06268589282684456,0.10417460550599145,0.9012218959009052,,,False
bunet_vs_unet_reference,primary,bunet,unet_reference,et_relative_volume_error,False,69,5,0.11041552730900307,0.01790113831280215,0.03893348499254865,0.219296925596474,0.28371459188848575,,,False
unet_res_vs_unet_reference,multiplicity_controlled_secondary,unet_res,unet_reference,mean_regional_dice,True,74,0,0.02045703713242319,0.005251598453417883,0.008092953044680475,0.034364438995134555,0.34743858143813827,0.0014999850001499984,0.004499955000449995,True
unet_res_vs_unet_reference,multiplicity_controlled_secondary,unet_res,unet_reference,wt_dice,False,74,0,0.017745617985824556,0.004177382615462688,0.00020746196824895585,0.03715379328519645,0.21930884569316217,,,False
unet_res_vs_unet_reference,multiplicity_controlled_secondary,unet_res,unet_reference,tc_dice,False,74,0,0.032926865367724656,0.016182209475782916,0.01663379740279281,0.05043056096663644,0.43849056724634244,,,False
unet_res_vs_unet_reference,multiplicity_controlled_secondary,unet_res,unet_reference,et_dice,False,74,0,0.010698628043720347,0.0017991337598026735,-0.013596524154480764,0.032914328080266154,0.10600632520282578,,,False
unet_res_vs_unet_reference,multiplicity_controlled_secondary,unet_res,unet_reference,wt_hd95_mm,False,74,0,9.938848825366298,7.549513322375816,7.163085445109384,12.81151971168578,0.7992315229585467,,,False
unet_res_vs_unet_reference,multiplicity_controlled_secondary,unet_res,unet_reference,tc_hd95_mm,False,71,3,3.515275984813686,0.737410709367623,1.3109407140419778,5.9176925609433,0.3522891562003891,,,False
unet_res_vs_unet_reference,multiplicity_controlled_secondary,unet_res,unet_reference,et_hd95_mm,False,69,5,1.9062977938457766,-0.027614237491539795,-0.4570919490462578,4.403804855904662,0.18647920531326154,,,False
unet_res_vs_unet_reference,multiplicity_controlled_secondary,unet_res,unet_reference,wt_surface_dice,False,74,0,0.031919809084747654,0.013944364992908631,0.006459738333362719,0.05817873459315059,0.2812613255269085,,,False
unet_res_vs_unet_reference,multiplicity_controlled_secondary,unet_res,unet_reference,tc_surface_dice,False,74,0,0.017437498527210393,0.022449476594747525,0.005374208507468559,0.030566267526376516,0.31135432916307015,,,False
unet_res_vs_unet_reference,multiplicity_controlled_secondary,unet_res,unet_reference,et_surface_dice,False,74,0,0.013877846299927688,0.008605892924169523,-0.009819806964219064,0.034940773058429575,0.14080841114559695,,,False
unet_res_vs_unet_reference,multiplicity_controlled_secondary,unet_res,unet_reference,wt_lesion_recall,False,74,0,0.023739685063214475,0.0,0.01033971313750725,0.0396134863855452,0.3692395121392384,,,False
unet_res_vs_unet_reference,multiplicity_controlled_secondary,unet_res,unet_reference,tc_lesion_recall,False,74,0,0.005763620763620766,0.0,-0.009845184470184464,0.02273829186329186,0.07914035904810615,,,False
unet_res_vs_unet_reference,multiplicity_controlled_secondary,unet_res,unet_reference,et_lesion_recall,False,69,5,0.006466371240454788,0.0,-0.008348200392957422,0.023142098358210888,0.09646681036519683,,,False
unet_res_vs_unet_reference,multiplicity_controlled_secondary,unet_res,unet_reference,wt_lesion_precision,False,74,0,-0.15583513108935731,-0.08807153957153958,-0.19922805840844426,-0.11509247390536388,-0.8346876702461716,,,False
unet_res_vs_unet_reference,multiplicity_controlled_secondary,unet_res,unet_reference,tc_lesion_precision,False,71,3,0.01805497006047687,0.018780284043441953,-0.018428932307972185,0.05258862707674864,0.11691260146896312,,,False
unet_res_vs_unet_reference,multiplicity_controlled_secondary,unet_res,unet_reference,et_lesion_precision,False,71,3,0.0015743440255902965,0.0,-0.031222079707267068,0.03505571240291188,0.01098837598991889,,,False
unet_res_vs_unet_reference,multiplicity_controlled_secondary,unet_res,unet_reference,wt_lesion_wise_dice,False,74,0,0.01447048667090876,0.005846040964358604,0.009153289954360858,0.02033630650741328,0.5741023172545949,,,False
unet_res_vs_unet_reference,multiplicity_controlled_secondary,unet_res,unet_reference,tc_lesion_wise_dice,False,74,0,0.01875631554127378,0.01250079503303625,0.006528083280066817,0.03403103242987402,0.30793082495384544,,,False
unet_res_vs_unet_reference,multiplicity_controlled_secondary,unet_res,unet_reference,et_lesion_wise_dice,False,69,5,0.014220352451273451,0.002240189744715189,0.002423388181961442,0.03258275029633809,0.21208960897386359,,,False
unet_res_vs_unet_reference,multiplicity_controlled_secondary,unet_res,unet_reference,wt_false_positive_lesion_count,False,74,0,10.976576576576576,9.166666666666666,8.73686936936937,13.449594594594595,1.0461029071675336,,,False
unet_res_vs_unet_reference,multiplicity_controlled_secondary,unet_res,unet_reference,tc_false_positive_lesion_count,False,74,0,-1.2225225225225222,-0.6333333333333333,-1.9945945945945942,-0.45585585585585575,-0.3537288736159963,,,False
unet_res_vs_unet_reference,multiplicity_controlled_secondary,unet_res,unet_reference,et_false_positive_lesion_count,False,74,0,-0.4531531531531533,-0.10000000000000009,-1.0622072072072068,0.14504504504504498,-0.17196596932218783,,,False
unet_res_vs_unet_reference,multiplicity_controlled_secondary,unet_res,unet_reference,wt_relative_volume_error,False,74,0,0.1269716300543226,0.08177721458445775,0.0931169157147999,0.16541286770511912,0.7853704663525846,,,False
unet_res_vs_unet_reference,multiplicity_controlled_secondary,unet_res,unet_reference,tc_relative_volume_error,False,74,0,0.08296609140722191,0.06526418618075319,0.061632388042595965,0.10599905173931848,0.8472951971648167,,,False
unet_res_vs_unet_reference,multiplicity_controlled_secondary,unet_res,unet_reference,et_relative_volume_error,False,70,4,0.11703113904774057,0.0422105901614145,0.05330754180186291,0.20114861696472014,0.36130778619883236,,,False
bunet_vs_unet_res,multiplicity_controlled_secondary,bunet,unet_res,mean_regional_dice,True,74,0,-0.0037311054066309656,-0.002215846565736146,-0.007580952150832946,-0.00019757535220950903,-0.22918337346593873,0.04952950470495295,0.04952950470495295,True
bunet_vs_unet_res,multiplicity_controlled_secondary,bunet,unet_res,wt_dice,False,74,0,-0.004157124175546248,-0.005271875704233875,-0.007047856394331213,-0.0012343065771949512,-0.3179899563759302,,,False
bunet_vs_unet_res,multiplicity_controlled_secondary,bunet,unet_res,tc_dice,False,74,0,-0.0014233971371001796,0.0008974330892952409,-0.006606032957794701,0.003555330018472806,-0.06320656832873615,,,False
bunet_vs_unet_res,multiplicity_controlled_secondary,bunet,unet_res,et_dice,False,74,0,-0.005612794907246485,-0.004735156521723516,-0.013904404743919158,0.002856431009524422,-0.15570624265917601,,,False
bunet_vs_unet_res,multiplicity_controlled_secondary,bunet,unet_res,wt_hd95_mm,False,74,0,3.9578577334994836,1.6563885991482508,2.750188689026802,5.254135295038033,0.7136529547037642,,,False
bunet_vs_unet_res,multiplicity_controlled_secondary,bunet,unet_res,tc_hd95_mm,False,72,2,0.9660182850325341,0.030319113050778057,-0.6457461837980398,2.585958630753602,0.13749491038388315,,,False
bunet_vs_unet_res,multiplicity_controlled_secondary,bunet,unet_res,et_hd95_mm,False,68,6,-0.39600773227111813,0.1043571496234077,-1.5618014879610833,0.7443628947334151,-0.08107430143144945,,,False
bunet_vs_unet_res,multiplicity_controlled_secondary,bunet,unet_res,wt_surface_dice,False,74,0,-0.016153091547221256,-0.018055976662153583,-0.022442320624156145,-0.009736636123757397,-0.5691818073421698,,,False
bunet_vs_unet_res,multiplicity_controlled_secondary,bunet,unet_res,tc_surface_dice,False,74,0,-0.008684010803807887,-0.006169394959493091,-0.013651219529681447,-0.004005390625694638,-0.4078592891984745,,,False
bunet_vs_unet_res,multiplicity_controlled_secondary,bunet,unet_res,et_surface_dice,False,74,0,-0.0036903374266683965,-0.0038089924102727157,-0.012334123737787183,0.004879745440096652,-0.09843174300965038,,,False
bunet_vs_unet_res,multiplicity_controlled_secondary,bunet,unet_res,wt_lesion_recall,False,74,0,0.00566148080853963,0.0,-0.0009765169581346061,0.012999880132233067,0.18165815132529678,,,False
bunet_vs_unet_res,multiplicity_controlled_secondary,bunet,unet_res,tc_lesion_recall,False,74,0,0.004312526812526812,0.0,-0.000276758901758901,0.00955705705705705,0.19635080559096554,,,False
bunet_vs_unet_res,multiplicity_controlled_secondary,bunet,unet_res,et_lesion_recall,False,69,5,-0.0012064269915932318,0.0,-0.0066278656457684545,0.0036338283767951285,-0.05553073154633153,,,False
bunet_vs_unet_res,multiplicity_controlled_secondary,bunet,unet_res,wt_lesion_precision,False,74,0,-0.0369598102113955,-0.019269921255215372,-0.05231695666183128,-0.02356165288788113,-0.5809049846158342,,,False
bunet_vs_unet_res,multiplicity_controlled_secondary,bunet,unet_res,tc_lesion_precision,False,72,2,0.00810575565030027,0.0032583834874708797,-0.015778133307675034,0.0320724150195323,0.07775811013240566,,,False
bunet_vs_unet_res,multiplicity_controlled_secondary,bunet,unet_res,et_lesion_precision,False,71,3,0.01934810779330554,0.0034888357256778746,0.0007075302059277895,0.03938822760701639,0.23563358719739638,,,False
bunet_vs_unet_res,multiplicity_controlled_secondary,bunet,unet_res,wt_lesion_wise_dice,False,74,0,-0.0005630952447590537,-0.00030803784028332615,-0.004021186801032681,0.0025194996667755815,-0.039260815758833334,,,False
bunet_vs_unet_res,multiplicity_controlled_secondary,bunet,unet_res,tc_lesion_wise_dice,False,74,0,-0.0008058410099854367,0.0003826014142411169,-0.00464786332650708,0.0027905107995489418,-0.049222594901460415,,,False
bunet_vs_unet_res,multiplicity_controlled_secondary,bunet,unet_res,et_lesion_wise_dice,False,69,5,-0.002941049425257935,-0.0010703262020092114,-0.006344123037757479,0.0005071018991416365,-0.20187649477293912,,,False
bunet_vs_unet_res,multiplicity_controlled_secondary,bunet,unet_res,wt_false_positive_lesion_count,False,74,0,2.805405405405406,1.8000000000000007,1.967567567567568,3.718986486486487,0.733782161128387,,,False
bunet_vs_unet_res,multiplicity_controlled_secondary,bunet,unet_res,tc_false_positive_lesion_count,False,74,0,-0.5756756756756756,-0.4999999999999999,-0.927027027027027,-0.235135135135135,-0.3733096203290188,,,False
bunet_vs_unet_res,multiplicity_controlled_secondary,bunet,unet_res,et_false_positive_lesion_count,False,74,0,-0.4108108108108108,-0.19999999999999984,-0.7351351351351351,-0.08648648648648644,-0.2825558847233382,,,False
bunet_vs_unet_res,multiplicity_controlled_secondary,bunet,unet_res,wt_relative_volume_error,False,74,0,0.04194910695680476,0.031797938645984555,0.03409550597224215,0.05052131721309798,1.158612944484153,,,False
bunet_vs_unet_res,multiplicity_controlled_secondary,bunet,unet_res,tc_relative_volume_error,False,74,0,-0.00035699013524163767,0.0004007682100482003,-0.0078088272403782225,0.0070078430280071345,-0.0108462330764869,,,False
bunet_vs_unet_res,multiplicity_controlled_secondary,bunet,unet_res,et_relative_volume_error,False,69,5,-0.008311715203197545,-0.013802359256904664,-0.025778525513503722,0.01820113169069875,-0.08652519995411218,,,False
