name,base_channels,depth,parameter_count,macs_per_slice,flops_per_slice,receptive_field_proxy_pixels,largest_single_activation_bytes,input_shape,output_shape,parameter_relative_difference_to_res,mac_relative_difference_to_res
plain_unet_w4_d2,4,2,7600,95846400,191692800,47,921600,1x4x240x240,1x4x240x240,0.9982923082868886,0.9898674980514419
plain_unet_w5_d2,5,2,11769,146880000,293760000,47,1152000,1x4x240x240,1x4x240x240,0.9973555495037358,0.9844724279033515
plain_unet_w6_d2,6,2,16846,208742400,417484800,47,1382400,1x4x240x240,1x4x240x240,0.9962147665001218,0.9779325798908808
plain_unet_w7_d2,7,2,22831,281433600,562867200,47,1612800,1x4x240x240,1x4x240x240,0.9948699592760466,0.9702479540140296
plain_unet_w8_d2,8,2,29724,364953600,729907200,47,1843200,1x4x240x240,1x4x240x240,0.9933211278315102,0.9614185502727981
plain_unet_w9_d2,9,2,37525,459302400,918604800,47,2073600,1x4x240x240,1x4x240x240,0.9915682721665126,0.9514443686671863
plain_unet_w10_d2,10,2,46234,564480000,1128960000,47,2304000,1x4x240x240,1x4x240x240,0.9896113922810537,0.9403254091971941
plain_unet_w11_d2,11,2,55851,680486400,1360972800,47,2534400,1x4x240x240,1x4x240x240,0.9874504881751337,0.9280616718628215
plain_unet_w12_d2,12,2,66376,807321600,1614643200,47,2764800,1x4x240x240,1x4x240x240,0.9850855598487525,0.9146531566640685
plain_unet_w13_d2,13,2,77809,944985600,1889971200,47,2995200,1x4x240x240,1x4x240x240,0.98251660730191,0.9000998636009353
plain_unet_w14_d2,14,2,90150,1093478400,2186956800,47,3225600,1x4x240x240,1x4x240x240,0.9797436305346063,0.8844017926734217
plain_unet_w15_d2,15,2,103399,1252800000,2505600000,47,3456000,1x4x240x240,1x4x240x240,0.9767666295468416,0.8675589438815277
plain_unet_w16_d2,16,2,117556,1422950400,2845900800,47,3686400,1x4x240x240,1x4x240x240,0.9735856043386155,0.8495713172252534
plain_unet_w17_d2,17,2,132621,1603929600,3207859200,47,3916800,1x4x240x240,1x4x240x240,0.9702005549099283,0.8304389127045986
plain_unet_w18_d2,18,2,148594,1795737600,3591475200,47,4147200,1x4x240x240,1x4x240x240,0.9666114812607798,0.8101617303195635
plain_unet_w19_d2,19,2,165475,1998374400,3996748800,47,4377600,1x4x240x240,1x4x240x240,0.9628183833911702,0.7887397700701481
plain_unet_w20_d2,20,2,183264,2211840000,4423680000,47,4608000,1x4x240x240,1x4x240x240,0.9588212613010993,0.7661730319563523
plain_unet_w21_d2,21,2,201961,2436134400,4872268800,47,4838400,1x4x240x240,1x4x240x240,0.9546201149905672,0.7424615159781761
plain_unet_w22_d2,22,2,221566,2671257600,5342515200,47,5068800,1x4x240x240,1x4x240x240,0.950214944459574,0.7176052221356196
plain_unet_w23_d2,23,2,242079,2917209600,5834419200,47,5299200,1x4x240x240,1x4x240x240,0.9456057497081195,0.6916041504286827
plain_unet_w24_d2,24,2,263500,3173990400,6347980800,47,5529600,1x4x240x240,1x4x240x240,0.9407925307362038,0.6644583008573656
plain_unet_w25_d2,25,2,285829,3441600000,6883200000,47,5760000,1x4x240x240,1x4x240x240,0.935775287543827,0.6361676734216679
plain_unet_w26_d2,26,2,309066,3720038400,7440076800,47,5990400,1x4x240x240,1x4x240x240,0.930554020130989,0.60673226812159
plain_unet_w27_d2,27,2,333211,4009305600,8018611200,47,6220800,1x4x240x240,1x4x240x240,0.9251287284976897,0.5761520849571318
plain_unet_w28_d2,28,2,358264,4309401600,8618803200,47,6451200,1x4x240x240,1x4x240x240,0.9194994126439292,0.5444271239282931
plain_unet_w29_d2,29,2,384225,4620326400,9240652800,47,6681600,1x4x240x240,1x4x240x240,0.9136660725697076,0.5115573850350741
plain_unet_w30_d2,30,2,411094,4942080000,9884160000,47,6912000,1x4x240x240,1x4x240x240,0.9076287082750246,0.47754286827747466
plain_unet_w31_d2,31,2,438871,5274662400,10549324800,47,7142400,1x4x240x240,1x4x240x240,0.9013873197598806,0.4423835736554949
plain_unet_w32_d2,32,2,467556,5618073600,11236147200,47,7372800,1x4x240x240,1x4x240x240,0.8949419070242753,0.4060795011691348
plain_unet_w33_d2,33,2,497149,5972313600,11944627200,47,7603200,1x4x240x240,1x4x240x240,0.8882924700682088,0.3686306508183944
plain_unet_w34_d2,34,2,527650,6337382400,12674764800,47,7833600,1x4x240x240,1x4x240x240,0.8814390088916811,0.33003702260327356
plain_unet_w35_d2,35,2,559059,6713280000,13426560000,47,8064000,1x4x240x240,1x4x240x240,0.8743815234946922,0.2902986165237724
plain_unet_w36_d2,36,2,591376,7100006400,14200012800,47,8294400,1x4x240x240,1x4x240x240,0.8671200138772421,0.24941543257989088
plain_unet_w37_d2,37,2,624601,7497561600,14995123200,47,8524800,1x4x240x240,1x4x240x240,0.8596544800393309,0.207387470771629
plain_unet_w38_d2,38,2,658734,7905945600,15811891200,47,8755200,1x4x240x240,1x4x240x240,0.8519849219809583,0.16421473109898674
plain_unet_w39_d2,39,2,693775,8325158400,16650316800,47,8985600,1x4x240x240,1x4x240x240,0.8441113397021246,0.11989721356196414
plain_unet_w40_d2,40,2,729724,8755200000,17510400000,47,9216000,1x4x240x240,1x4x240x240,0.8360337332028297,0.07443491816056118
plain_unet_w41_d2,41,2,766581,9196070400,18392140800,47,9446400,1x4x240x240,1x4x240x240,0.8277521024830736,0.027827844894777864
plain_unet_w42_d2,42,2,804346,9647769600,19295539200,47,9676800,1x4x240x240,1x4x240x240,0.8192664475428563,0.019924006235385816
plain_unet_w43_d2,43,2,843019,10110297600,20220595200,47,9907200,1x4x240x240,1x4x240x240,0.8105767683821778,0.06882063522992986
plain_unet_w44_d2,44,2,882600,10583654400,21167308800,47,10137600,1x4x240x240,1x4x240x240,0.8016830650010381,0.11886204208885424
plain_unet_w45_d2,45,2,923089,11067840000,22135680000,47,10368000,1x4x240x240,1x4x240x240,0.7925853373994372,0.170048226812159
plain_unet_w46_d2,46,2,964486,11562854400,23125708800,47,10598400,1x4x240x240,1x4x240x240,0.7832835855773751,0.2223791893998441
plain_unet_w47_d2,47,2,1006791,12068697600,24137395200,47,10828800,1x4x240x240,1x4x240x240,0.7737778095348518,0.27585492985190957
plain_unet_w48_d2,48,2,1050004,12585369600,25170739200,47,11059200,1x4x240x240,1x4x240x240,0.7640680092718672,0.3304754481683554
plain_unet_w49_d2,49,2,1094125,13112870400,26225740800,47,11289600,1x4x240x240,1x4x240x240,0.7541541847884214,0.3862407443491816
plain_unet_w50_d2,50,2,1139154,13651200000,27302400000,47,11520000,1x4x240x240,1x4x240x240,0.7440363360845146,0.44315081839438814
plain_unet_w51_d2,51,2,1185091,14200358400,28400716800,47,11750400,1x4x240x240,1x4x240x240,0.7337144631601464,0.501205670303975
plain_unet_w52_d2,52,2,1231936,14760345600,29520691200,47,11980800,1x4x240x240,1x4x240x240,0.7231885660153171,0.5604053000779423
plain_unet_w53_d2,53,2,1279689,15331161600,30662323200,47,12211200,1x4x240x240,1x4x240x240,0.7124586446500265,0.6207497077162899
plain_unet_w54_d2,54,2,1328350,15912806400,31825612800,47,12441600,1x4x240x240,1x4x240x240,0.7015246990642748,0.6822388932190179
plain_unet_w55_d2,55,2,1377919,16505280000,33010560000,47,12672000,1x4x240x240,1x4x240x240,0.6903867292580619,0.7448728565861262
plain_unet_w56_d2,56,2,1428396,17108582400,34217164800,47,12902400,1x4x240x240,1x4x240x240,0.6790447352313878,0.808651597817615
plain_unet_w57_d2,57,2,1479781,17722713600,35445427200,47,13132800,1x4x240x240,1x4x240x240,0.6674987169842523,0.873575116913484
plain_unet_w58_d2,58,2,1532074,18347673600,36695347200,47,13363200,1x4x240x240,1x4x240x240,0.6557486745166559,0.9396434138737334
plain_unet_w59_d2,59,2,1585275,18983462400,37966924800,47,13593600,1x4x240x240,1x4x240x240,0.6437946078285981,1.0068564886983633
plain_unet_w60_d2,60,2,1639384,19630080000,39260160000,47,13824000,1x4x240x240,1x4x240x240,0.6316365169200792,1.0752143413873734
plain_unet_w61_d2,61,2,1694401,20287526400,40575052800,47,14054400,1x4x240x240,1x4x240x240,0.6192744017910989,1.144716971940764
plain_unet_w62_d2,62,2,1750326,20955801600,41911603200,47,14284800,1x4x240x240,1x4x240x240,0.6067082624416577,1.2153643803585348
plain_unet_w63_d2,63,2,1807159,21634905600,43269811200,47,14515200,1x4x240x240,1x4x240x240,0.5939380988717551,1.287156566640686
plain_unet_w64_d2,64,2,1864900,22324838400,44649676800,47,14745600,1x4x240x240,1x4x240x240,0.5809639110813913,1.3600935307872175
plain_unet_w4_d3,4,3,30592,135014400,270028800,103,921600,1x4x240x240,1x4x240x240,0.9931260914621706,0.9857268121590024
plain_unet_w5_d3,5,3,47629,208080000,416160000,103,1152000,1x4x240x240,1x4x240x240,0.9892979409731866,0.9780026061964147
plain_unet_w6_d3,6,3,68422,296870400,593740800,103,1382400,1x4x240x240,1x4x240x240,0.9846258312638806,0.9686160366328916
plain_unet_w7_d3,7,3,92971,401385600,802771200,103,1612800,1x4x240x240,1x4x240x240,0.9791097623342528,0.9575671034684333
plain_unet_w8_d3,8,3,121276,521625600,1043251200,103,1843200,1x4x240x240,1x4x240x240,0.9727497341843031,0.9448558067030397
plain_unet_w9_d3,9,3,153337,657590400,1315180800,103,2073600,1x4x240x240,1x4x240x240,0.9655457468140315,0.9304821463367108
plain_unet_w10_d3,10,3,189154,809280000,1618560000,103,2304000,1x4x240x240,1x4x240x240,0.957497800223438,0.9144461223694466
plain_unet_w11_d3,11,3,228727,976694400,1953388800,103,2534400,1x4x240x240,1x4x240x240,0.9486058944125226,0.896747734801247
plain_unet_w12_d3,12,3,272056,1159833600,2319667200,103,2764800,1x4x240x240,1x4x240x240,0.9388700293812853,0.8773869836321122
plain_unet_w13_d3,13,3,319141,1358697600,2717395200,103,2995200,1x4x240x240,1x4x240x240,0.9282902051297262,0.8563638688620421
plain_unet_w14_d3,14,3,369982,1573286400,3146572800,103,3225600,1x4x240x240,1x4x240x240,0.916866421657845,0.8336783904910366
plain_unet_w15_d3,15,3,424579,1803600000,3607200000,103,3456000,1x4x240x240,1x4x240x240,0.9045986789656422,0.8093305485190959
plain_unet_w16_d3,16,3,482932,2049638400,4099276800,103,3686400,1x4x240x240,1x4x240x240,0.8914869770531173,0.7833203429462198
plain_unet_w17_d3,17,3,545041,2311401600,4622803200,103,3916800,1x4x240x240,1x4x240x240,0.8775313159202706,0.7556477737724084
plain_unet_w18_d3,18,3,610906,2588889600,5177779200,103,4147200,1x4x240x240,1x4x240x240,0.8627316955671019,0.7263128409976617
plain_unet_w19_d3,19,3,680527,2882102400,5764204800,103,4377600,1x4x240x240,1x4x240x240,0.8470881159936114,0.6953155446219798
plain_unet_w20_d3,20,3,753904,3191040000,6382080000,103,4608000,1x4x240x240,1x4x240x240,0.8306005771997991,0.6626558846453624
plain_unet_w21_d3,21,3,831037,3515702400,7031404800,103,4838400,1x4x240x240,1x4x240x240,0.8132690791856647,0.6283338610678099
plain_unet_w22_d3,22,3,911926,3856089600,7712179200,103,5068800,1x4x240x240,1x4x240x240,0.7950936219512086,0.5923494738893219
plain_unet_w23_d3,23,3,996571,4212201600,8424403200,103,5299200,1x4x240x240,1x4x240x240,0.7760742054964305,0.5547027231098987
plain_unet_w24_d3,24,3,1084972,4584038400,9168076800,103,5529600,1x4x240x240,1x4x240x240,0.7562108298213305,0.5153936087295401
plain_unet_w25_d3,25,3,1177129,4971600000,9943200000,103,5760000,1x4x240x240,1x4x240x240,0.7355034949259086,0.4744221307482463
plain_unet_w26_d3,26,3,1273042,5374886400,10749772800,103,5990400,1x4x240x240,1x4x240x240,0.7139522008101649,0.43178828916601714
plain_unet_w27_d3,27,3,1372711,5793897600,11587795200,103,6220800,1x4x240x240,1x4x240x240,0.6915569474740992,0.3874920839828527
plain_unet_w28_d3,28,3,1476136,6228633600,12457267200,103,6451200,1x4x240x240,1x4x240x240,0.6683177349177117,0.3415335151987529
plain_unet_w29_d3,29,3,1583317,6679094400,13358188800,103,6681600,1x4x240x240,1x4x240x240,0.6442345631410024,0.29391258281371785
plain_unet_w30_d3,30,3,1694254,7145280000,14290560000,103,6912000,1x4x240x240,1x4x240x240,0.619307432143971,0.24462928682774746
plain_unet_w31_d3,31,3,1808947,7627190400,15254380800,103,7142400,1x4x240x240,1x4x240x240,0.5935363419266177,0.1936836272408418
plain_unet_w32_d3,32,3,1927396,8124825600,16249651200,103,7372800,1x4x240x240,1x4x240x240,0.5669212924889427,0.1410756040530008
plain_unet_w33_d3,33,3,2049601,8638185600,17276371200,103,7603200,1x4x240x240,1x4x240x240,0.5394622838309457,0.08680521726422448
plain_unet_w34_d3,34,3,2175562,9167270400,18334540800,103,7833600,1x4x240x240,1x4x240x240,0.5111593159526269,0.03087246687451286
plain_unet_w35_d3,35,3,2305279,9712080000,19424160000,103,8064000,1x4x240x240,1x4x240x240,0.48201238885398606,0.02672264711613406
plain_unet_w36_d3,36,3,2438752,10272614400,20545228800,103,8294400,1x4x240x240,1x4x240x240,0.45202150253502343,0.0859801247077163
plain_unet_w37_d3,37,3,2575981,10848873600,21697747200,103,8524800,1x4x240x240,1x4x240x240,0.4211866569957389,0.14689996590023383
plain_unet_w38_d3,38,3,2716966,11440857600,22881715200,103,8755200,1x4x240x240,1x4x240x240,0.38950785223613243,0.20948217069368666
plain_unet_w39_d3,39,3,2861707,12048566400,24097132800,103,8985600,1x4x240x240,1x4x240x240,0.35698508825620406,0.2737267390880748
plain_unet_w40_d3,40,3,3010204,12672000000,25344000000,103,9216000,1x4x240x240,1x4x240x240,0.32361836505595387,0.33963367108339826
plain_unet_w41_d3,41,3,3162457,13311158400,26622316800,103,9446400,1x4x240x240,1x4x240x240,0.28940768263538175,0.40720296667965705
plain_unet_w42_d3,42,3,3318466,13966041600,27932083200,103,9676800,1x4x240x240,1x4x240x240,0.25435304099448774,0.47643462587685115
plain_unet_w43_d3,43,3,3478231,14636649600,29273299200,103,9907200,1x4x240x240,1x4x240x240,0.21845444013327187,0.5473286486749805
plain_unet_w44_d3,44,3,3641752,15322982400,30645964800,103,10137600,1x4x240x240,1x4x240x240,0.18171188005173408,0.6198850350740452
plain_unet_w45_d3,45,3,3809029,16025040000,32050080000,103,10368000,1x4x240x240,1x4x240x240,0.1441253607498744,0.6941037850740452
plain_unet_w46_d3,46,3,3980062,16742822400,33485644800,103,10598400,1x4x240x240,1x4x240x240,0.10569488222769283,0.7699848986749805
plain_unet_w47_d3,47,3,4154851,17476329600,34952659200,103,10828800,1x4x240x240,1x4x240x240,0.06642044448518937,0.8475283758768511
plain_unet_w48_d3,48,3,4333396,18225561600,36451123200,103,11059200,1x4x240x240,1x4x240x240,0.026302047522364022,0.926734216679657
plain_unet_w49_d3,49,3,4515697,18990518400,37981036800,103,11289600,1x4x240x240,1x4x240x240,0.01466030866078322,1.0076024210833983
plain_unet_w50_d3,50,3,4701754,19771200000,39542400000,103,11520000,1x4x240x240,1x4x240x240,0.05646662406425235,1.0901329890880749
plain_unet_w51_d3,51,3,4891567,20567606400,41135212800,103,11750400,1x4x240x240,1x4x240x240,0.09911689868804337,1.1743259206936867
plain_unet_w52_d3,52,3,5085136,21379737600,42759475200,103,11980800,1x4x240x240,1x4x240x240,0.1426111325321563,1.260181215900234
plain_unet_w53_d3,53,3,5282461,22207593600,44415187200,103,12211200,1x4x240x240,1x4x240x240,0.18694932559659108,1.3476988747077163
plain_unet_w54_d3,54,3,5483542,23051174400,46102348800,103,12441600,1x4x240x240,1x4x240x240,0.23213147788134778,1.4368788971161341
plain_unet_w55_d3,55,3,5688379,23910480000,47820960000,103,12672000,1x4x240x240,1x4x240x240,0.2781575893864264,1.5277212831254872
plain_unet_w56_d3,56,3,5896972,24785510400,49571020800,103,12902400,1x4x240x240,1x4x240x240,0.3250276601118268,1.6202260327357756
plain_unet_w57_d3,57,3,6109321,25676265600,51352531200,103,13132800,1x4x240x240,1x4x240x240,0.3727416900575492,1.7143931459469992
plain_unet_w58_d3,58,3,6325426,26582745600,53165491200,103,13363200,1x4x240x240,1x4x240x240,0.42129967922359346,1.8102226227591582
plain_unet_w59_d3,59,3,6545287,27504950400,55009900800,103,13593600,1x4x240x240,1x4x240x240,0.4707016276099596,1.9077144631722525
plain_unet_w60_d3,60,3,6768904,28442880000,56885760000,103,13824000,1x4x240x240,1x4x240x240,0.5209475352166476,2.006868667186282
plain_unet_w61_d3,61,3,6996277,29396534400,58793068800,103,14054400,1x4x240x240,1x4x240x240,0.5720374020436576,2.107685234801247
plain_unet_w62_d3,62,3,7227406,30365913600,60731827200,103,14284800,1x4x240x240,1x4x240x240,0.6239712280909894,2.2101641660171474
plain_unet_w63_d3,63,3,7462291,31351017600,62702035200,103,14515200,1x4x240x240,1x4x240x240,0.6767490133586431,2.314305460833983
plain_unet_w64_d3,64,3,7700932,32351846400,64703692800,103,14745600,1x4x240x240,1x4x240x240,0.7303707578466188,2.420109119251754
plain_unet_w4_d4,4,4,122144,174182400,348364800,215,921600,1x4x240x240,1x4x240x240,0.9725546978149635,0.9815861262665627
plain_unet_w5_d4,5,4,190549,269280000,538560000,215,1152000,1x4x240x240,1x4x240x240,0.9571843489155708,0.9715327844894778
plain_unet_w6_d4,6,4,274102,384998400,769996800,215,1382400,1x4x240x240,1x4x240x240,0.9384103007964135,0.9592994933749026
plain_unet_w7_d4,7,4,372803,521337600,1042675200,215,1612800,1x4x240x240,1x4x240x240,0.9162325534574915,0.9448862529228371
plain_unet_w8_d4,8,4,486652,678297600,1356595200,215,1843200,1x4x240x240,1x4x240x240,0.8906511068988049,0.9282930631332814
plain_unet_w9_d4,9,4,615649,855878400,1711756800,215,2073600,1x4x240x240,1x4x240x240,0.8616659611203537,0.9095199240062354
plain_unet_w10_d4,10,4,759794,1054080000,2108160000,215,2304000,1x4x240x240,1x4x240x240,0.8292771161221377,0.8885668355416991
plain_unet_w11_d4,11,4,919087,1272902400,2545804800,215,2534400,1x4x240x240,1x4x240x240,0.7934845719041571,0.8654337977396727
plain_unet_w12_d4,12,4,1093528,1512345600,3024691200,215,2764800,1x4x240x240,1x4x240x240,0.7542883284664119,0.8401208106001559
plain_unet_w13_d4,13,4,1283117,1772409600,3544819200,215,2995200,1x4x240x240,1x4x240x240,0.7116883858089021,0.8126278741231489
plain_unet_w14_d4,14,4,1487854,2053094400,4106188800,215,3225600,1x4x240x240,1x4x240x240,0.6656847439316276,0.7829549883086516
plain_unet_w15_d4,15,4,1707739,2354400000,4708800000,215,3456000,1x4x240x240,1x4x240x240,0.6162774028345885,0.7511021531566641
plain_unet_w16_d4,16,4,1942772,2676326400,5352652800,215,3686400,1x4x240x240,1x4x240x240,0.5634663625177847,0.7170693686671863
plain_unet_w17_d4,17,4,2192953,3018873600,6037747200,215,3916800,1x4x240x240,1x4x240x240,0.5072516229812163,0.6808566348402182
plain_unet_w18_d4,18,4,2458282,3382041600,6764083200,215,4147200,1x4x240x240,1x4x240x240,0.44763318422488324,0.64246395167576
plain_unet_w19_d4,19,4,2738759,3765830400,7531660800,215,4377600,1x4x240x240,1x4x240x240,0.3846110462487855,0.6018913191738113
plain_unet_w20_d4,20,4,3034384,4170240000,8340480000,215,4608000,1x4x240x240,1x4x240x240,0.3181852090529232,0.5591387373343726
plain_unet_w21_d4,21,4,3345157,4595270400,9190540800,215,4838400,1x4x240x240,1x4x240x240,0.24835567263729616,0.5142062061574435
plain_unet_w22_d4,22,4,3671078,5040921600,10081843200,215,5068800,1x4x240x240,1x4x240x240,0.17512243700190452,0.46709372564302415
plain_unet_w23_d4,23,4,4012147,5507193600,11014387200,215,5299200,1x4x240x240,1x4x240x240,0.09848550214674824,0.4178012957911146
plain_unet_w24_d4,24,4,4368364,5994086400,11988172800,215,5529600,1x4x240x240,1x4x240x240,0.01844486807182731,0.36632891660171474
plain_unet_w25_d4,25,4,4739729,6501600000,13003200000,215,5760000,1x4x240x240,1x4x240x240,0.06499946522285827,0.3126765880748246
plain_unet_w26_d4,26,4,5126242,7029734400,14059468800,215,5990400,1x4x240x240,1x4x240x240,0.1518474977373085,0.2568443102104443
plain_unet_w27_d4,27,4,5527903,7578489600,15156979200,215,6220800,1x4x240x240,1x4x240x240,0.24209922947152335,0.19883208300857366
plain_unet_w28_d4,28,4,5944712,8147865600,16295731200,215,6451200,1x4x240x240,1x4x240x240,0.33575466042550284,0.1386399064692128
plain_unet_w29_d4,29,4,6376669,8737862400,17475724800,215,6681600,1x4x240x240,1x4x240x240,0.432813790599247,0.07626778059236165
plain_unet_w30_d4,30,4,6823774,9348480000,18696960000,215,6912000,1x4x240x240,1x4x240x240,0.5332766199927558,0.011715705378020264
plain_unet_w31_d4,31,4,7286027,9979718400,19959436800,215,7142400,1x4x240x240,1x4x240x240,0.6371431486060293,0.05501631917381138
plain_unet_w32_d4,32,4,7763428,10631577600,21263155200,215,7372800,1x4x240x240,1x4x240x240,0.7444133764390674,0.12392829306313329
plain_unet_w33_d4,33,4,8255977,11304057600,22608115200,215,7603200,1x4x240x240,1x4x240x240,0.85508730349187,0.19502021628994545
plain_unet_w34_d4,34,4,8763674,11997158400,23994316800,215,7833600,1x4x240x240,1x4x240x240,0.9691649297644374,0.2682920888542479
plain_unet_w35_d4,35,4,9286519,12710880000,25421760000,215,8064000,1x4x240x240,1x4x240x240,1.0866462552567695,0.34374391075604055
plain_unet_w36_d4,36,4,9824512,13445222400,26890444800,215,8294400,1x4x240x240,1x4x240x240,1.207531279968866,0.42137568199532344
plain_unet_w37_d4,37,4,10377653,14200185600,28400371200,215,8524800,1x4x240x240,1x4x240x240,1.3318200039007273,0.5011874025720966
plain_unet_w38_d4,38,4,10945942,14975769600,29951539200,215,8755200,1x4x240x240,1x4x240x240,1.4595124270523534,0.5831790724863601
plain_unet_w39_d4,39,4,11529379,15771974400,31543948800,215,8985600,1x4x240x240,1x4x240x240,1.5906085494237439,0.6673506917381138
plain_unet_w40_d4,40,4,12127964,16588800000,33177600000,215,9216000,1x4x240x240,1x4x240x240,1.7251083710148991,0.7537022603273578
plain_unet_w41_d4,41,4,12741697,17426246400,34852492800,215,9446400,1x4x240x240,1x4x240x240,1.863011891825819,0.842233778254092
plain_unet_w42_d4,42,4,13370578,18284313600,36568627200,215,9676800,1x4x240x240,1x4x240x240,2.0043191118565034,0.9329452455183165
plain_unet_w43_d4,43,4,14014607,19163001600,38326003200,215,9907200,1x4x240x240,1x4x240x240,2.149030031106953,1.0258366621200312
plain_unet_w44_d4,44,4,14673784,20062310400,40124620800,215,10137600,1x4x240x240,1x4x240x240,2.2971446495771666,1.120908028059236
plain_unet_w45_d4,45,4,15348109,20982240000,41964480000,215,10368000,1x4x240x240,1x4x240x240,2.448662967267145,1.2181593433359315
plain_unet_w46_d4,46,4,16037582,21922790400,43845580800,215,10598400,1x4x240x240,1x4x240x240,2.603584984176888,1.317590607950117
plain_unet_w47_d4,47,4,16742203,22883961600,45767923200,215,10828800,1x4x240x240,1x4x240x240,2.761910700306396,1.4192018219017928
plain_unet_w48_d4,48,4,17461972,23865753600,47731507200,215,11059200,1x4x240x240,1x4x240x240,2.9236401156556684,1.5229929851909587
plain_unet_w49_d4,49,4,18196889,24868166400,49736332800,215,11289600,1x4x240x240,1x4x240x240,3.0887732302247053,1.628964097817615
plain_unet_w50_d4,50,4,18946954,25891200000,51782400000,215,11520000,1x4x240x240,1x4x240x240,3.257310044013507,1.7371151597817616
plain_unet_w51_d4,51,4,19712167,26934854400,53869708800,215,11750400,1x4x240x240,1x4x240x240,3.429250557022073,1.8474461710833983
plain_unet_w52_d4,52,4,20492528,27999129600,55998259200,215,11980800,1x4x240x240,1x4x240x240,3.6045947692504043,1.9599571317225253
plain_unet_w53_d4,53,4,21288037,29084025600,58168051200,215,12211200,1x4x240x240,1x4x240x240,3.7833426806985,2.0746480416991426
plain_unet_w54_d4,54,4,22098694,30189542400,60379084800,215,12441600,1x4x240x240,1x4x240x240,3.96549429136636,2.19151890101325
plain_unet_w55_d4,55,4,22924499,31315680000,62631360000,215,12672000,1x4x240x240,1x4x240x240,4.151049601253985,2.310569709664848
plain_unet_w56_d4,56,4,23765452,32462438400,64924876800,215,12902400,1x4x240x240,1x4x240x240,4.340008610361375,2.431800467653936
plain_unet_w57_d4,57,4,24621553,33629817600,67259635200,215,13132800,1x4x240x240,1x4x240x240,4.532371318688528,2.5552111749805144
plain_unet_w58_d4,58,4,25492802,34817817600,69635635200,215,13363200,1x4x240x240,1x4x240x240,4.728137726235447,2.680801831644583
plain_unet_w59_d4,59,4,26379199,36026438400,72052876800,215,13593600,1x4x240x240,1x4x240x240,4.927307833002131,2.808572437646142
plain_unet_w60_d4,60,4,27280744,37255680000,74511360000,215,13824000,1x4x240x240,1x4x240x240,5.1298816389885795,2.938522992985191
plain_unet_w61_d4,61,4,28197437,38505542400,77011084800,215,14054400,1x4x240x240,1x4x240x240,5.335859144194792,3.07065349766173
plain_unet_w62_d4,62,4,29129278,39776025600,79552051200,215,14284800,1x4x240x240,1x4x240x240,5.545240348620769,3.2049639516757598
plain_unet_w63_d4,63,4,30076267,41067129600,82134259200,215,14515200,1x4x240x240,1x4x240x240,5.758025252266512,3.3414543550272797
plain_unet_w64_d4,64,4,31038404,42378854400,84757708800,215,14745600,1x4x240x240,1x4x240x240,5.974213855132018,3.48012470771629
plain_unet_w4_d5,4,5,487520,211509248,423018496,439,921600,1x4x240x240,1x4x240x240,0.8904560705294653,0.9776400796743743
plain_unet_w5_d5,5,5,761189,327603200,655206400,439,1152000,1x4x240x240,1x4x240x240,0.8289636648142705,0.9653670866891834
plain_unet_w6_d5,6,5,1095574,468983808,937967616,439,1382400,1x4x240x240,1x4x240x240,0.7538285998815402,0.9504208885424785
plain_unet_w7_d5,7,5,1490675,635651072,1271302144,439,1612800,1x4x240x240,1x4x240x240,0.6650508757312741,0.93280148523426
plain_unet_w8_d5,8,5,1946492,827604992,1655209984,439,1843200,1x4x240x240,1x4x240x240,0.5626304923634723,0.9125088767645276
plain_unet_w9_d5,9,5,2463025,1044845568,2089691136,439,2073600,1x4x240x240,1x4x240x240,0.4465674497781349,0.8895430631332814
plain_unet_w10_d5,10,5,3040274,1287372800,2574745600,439,2304000,1x4x240x240,1x4x240x240,0.31686174797526184,0.8639040443405214
plain_unet_w11_d5,11,5,3678239,1555186688,3110373376,439,2534400,1x4x240x240,1x4x240x240,0.17351338695485313,0.8355918203862475
plain_unet_w12_d5,12,5,4376920,1848287232,3696574464,439,2764800,1x4x240x240,1x4x240x240,0.016522366716908755,0.8046063912704599
plain_unet_w13_d5,13,5,5136317,2166674432,4333348864,439,2995200,1x4x240x240,1x4x240x240,0.15411131273857126,0.7709477569931584
plain_unet_w14_d5,14,5,5956430,2510348288,5020696576,439,3225600,1x4x240x240,1x4x240x240,0.33838765141158694,0.7346159175543431
plain_unet_w15_d5,15,5,6837259,2879308800,5758617600,439,3456000,1x4x240x240,1x4x240x240,0.5363066493021383,0.695610872954014
plain_unet_w16_d5,16,5,7778804,3273555968,6547111936,439,3686400,1x4x240x240,1x4x240x240,0.7478683064102253,0.6539326231921712
plain_unet_w17_d5,17,5,8781065,3693089792,7386179584,439,3916800,1x4x240x240,1x4x240x240,0.9730726227358479,0.6095811682688144
plain_unet_w18_d5,18,5,9844042,4137910272,8275820544,439,4147200,1x4x240x240,1x4x240x240,1.2119195982790063,0.5625565081839439
plain_unet_w19_d5,19,5,10967735,4608017408,9216034816,439,4377600,1x4x240x240,1x4x240x240,1.4644092330397003,0.5128586429375596
plain_unet_w20_d5,20,5,12152144,5103411200,10206822400,439,4608000,1x4x240x240,1x4x240x240,1.7305415270179298,0.4604875725296614
plain_unet_w21_d5,21,5,13397269,5624091648,11248183296,439,4838400,1x4x240x240,1x4x240x240,2.010316480213695,0.4054432969602494
plain_unet_w22_d5,22,5,14703110,6170058752,12340117504,439,5068800,1x4x240x240,1x4x240x240,2.3037340926269962,0.34772581622932364
plain_unet_w23_d5,23,5,16069667,6741312512,13482625024,439,5299200,1x4x240x240,1x4x240x240,2.6107943642578326,0.287335130336884
plain_unet_w24_d5,24,5,17496940,7337852928,14675705856,439,5529600,1x4x240x240,1x4x240x240,2.931497295106205,0.22427123928293063
plain_unet_w25_d5,25,5,18984929,7959680000,15919360000,439,5760000,1x4x240x240,1x4x240x240,3.265842885172113,0.1585341430674634
plain_unet_w26_d5,26,5,20533634,8606793728,17213587456,439,5990400,1x4x240x240,1x4x240x240,3.6138311344555563,0.09012384169048238
plain_unet_w27_d5,27,5,22143055,9279194112,18558388224,439,6220800,1x4x240x240,1x4x240x240,3.9754620429565355,0.01904033515198753
plain_unet_w28_d5,28,5,23813192,9976881152,19953762304,439,6451200,1x4x240x240,1x4x240x240,4.35073561067505,0.05471637654802113
plain_unet_w29_d5,29,5,25544045,10699854848,21399709696,439,6681600,1x4x240x240,1x4x240x240,4.739651837611101,0.1311462934095436
plain_unet_w30_d5,30,5,27335614,11448115200,22896230400,439,6912000,1x4x240x240,1x4x240x240,5.142210723764688,0.21024941543257988
plain_unet_w31_d5,31,5,29187899,12221662208,24443324416,439,7142400,1x4x240x240,1x4x240x240,5.558412269135809,0.29202574261713
plain_unet_w32_d5,32,5,31100900,13020495872,26040991744,439,7372800,1x4x240x240,1x4x240x240,5.988256473724467,0.3764752749631939
plain_unet_w33_d5,33,5,33074617,13844616192,27689232384,439,7603200,1x4x240x240,1x4x240x240,6.431743337530659,0.46359801247077165
plain_unet_w34_d5,34,5,35109050,14694023168,29388046336,439,7833600,1x4x240x240,1x4x240x240,6.888872860554389,0.5533939551398631
plain_unet_w35_d5,35,5,37204199,15568716800,31137433600,439,8064000,1x4x240x240,1x4x240x240,7.359645042795653,0.6458631029704686
plain_unet_w36_d5,36,5,39360064,16468697088,32937394176,439,8294400,1x4x240x240,1x4x240x240,7.844059884254453,0.7410054559625877
plain_unet_w37_d5,37,5,41576645,17393964032,34787928064,439,8524800,1x4x240x240,1x4x240x240,8.34211738493079,0.8388210141162207
plain_unet_w38_d5,38,5,43853942,18344517632,36689035264,439,8755200,1x4x240x240,1x4x240x240,8.853817544824661,0.9393097774313675
plain_unet_w39_d5,39,5,46191955,19320357888,38640715776,439,8985600,1x4x240x240,1x4x240x240,9.379160363936068,1.0424717459080282
plain_unet_w40_d5,40,5,48590684,20321484800,40642969600,439,9216000,1x4x240x240,1x4x240x240,9.91814584226501,1.1483069195462026
plain_unet_w41_d5,41,5,51050129,21347898368,42695796736,439,9446400,1x4x240x240,1x4x240x240,10.470773979811488,1.2568152983458907
plain_unet_w42_d5,42,5,53570290,22399598592,44799197184,439,9676800,1x4x240x240,1x4x240x240,11.037044776575502,1.3679968823070927
plain_unet_w43_d5,43,5,56151167,23476585472,46953170944,439,9907200,1x4x240x240,1x4x240x240,11.616958232557053,1.4818516714298087
plain_unet_w44_d5,44,5,58792760,24578859008,49157718016,439,10137600,1x4x240x240,1x4x240x240,12.210514347756138,1.5983796657140383
plain_unet_w45_d5,45,5,61495069,25706419200,51412838400,439,10368000,1x4x240x240,1x4x240x240,12.817713122172758,1.7175808651597817
plain_unet_w46_d5,46,5,64258094,26859266048,53718532096,439,10598400,1x4x240x240,1x4x240x240,13.438554555806915,1.839455269767039
plain_unet_w47_d5,47,5,67081835,28037399552,56074799104,439,10828800,1x4x240x240,1x4x240x240,14.073038648658608,1.9640028795358102
plain_unet_w48_d5,48,5,69966292,29240819712,58481639424,439,11059200,1x4x240x240,1x4x240x240,14.721165400727836,2.091223694466095
plain_unet_w49_d5,49,5,72911465,30469526528,60939053056,439,11289600,1x4x240x240,1x4x240x240,15.3829348120146,2.2211177145578938
plain_unet_w50_d5,50,5,75917354,31723520000,63447040000,439,11520000,1x4x240x240,1x4x240x240,16.0583468825189,2.3536849398112065
plain_unet_w51_d5,51,5,78983959,33002800128,66005600256,439,11750400,1x4x240x240,1x4x240x240,16.747401612240733,2.4889253702260326
plain_unet_w52_d5,52,5,82111280,34307366912,68614733824,439,11980800,1x4x240x240,1x4x240x240,17.450099001180106,2.6268390058023727
plain_unet_w53_d5,53,5,85299317,35637220352,71274440704,439,12211200,1x4x240x240,1x4x240x240,18.16643904933701,2.767425846540227
plain_unet_w54_d5,54,5,88548070,36992360448,73984720896,439,12441600,1x4x240x240,1x4x240x240,18.896421756711455,2.9106858924395946
plain_unet_w55_d5,55,5,91857539,38372787200,76745574400,439,12672000,1x4x240x240,1x4x240x240,19.640047123303432,3.0566191435004764
plain_unet_w56_d5,56,5,95227724,39778500608,79557001216,439,12902400,1x4x240x240,1x4x240x240,20.397315149112945,3.205225599722872
plain_unet_w57_d5,57,5,98658625,41209500672,82419001344,439,13132800,1x4x240x240,1x4x240x240,21.168225834139992,3.356505261106781
plain_unet_w58_d5,58,5,102150242,42665787392,85331574784,439,13363200,1x4x240x240,1x4x240x240,21.952779178384578,3.510458127652204
plain_unet_w59_d5,59,5,105702575,44147360768,88294721536,439,13593600,1x4x240x240,1x4x240x240,22.750975181846698,3.6670841993591408
plain_unet_w60_d5,60,5,109315624,45654220800,91308441600,439,13824000,1x4x240x240,1x4x240x240,23.562813844526353,3.8263834762275915
plain_unet_w61_d5,61,5,112989389,47186367488,94372734976,439,14054400,1x4x240x240,1x4x240x240,24.388295166423546,3.9883559582575563
plain_unet_w62_d5,62,5,116723870,48743800832,97487601664,439,14284800,1x4x240x240,1x4x240x240,25.22741914753827,4.153001645449034
plain_unet_w63_d5,63,5,120519067,50326520832,100653041664,439,14515200,1x4x240x240,1x4x240x240,26.080185787870537,4.320320537802027
plain_unet_w64_d5,64,5,124374980,51934527488,103869054976,439,14745600,1x4x240x240,1x4x240x240,26.946595087420334,4.490312635316532
plain_unet_w4_d6,4,6,1947360,242327552,484655104,887,921600,1x4x240x240,1x4x240x240,0.5624354559941327,0.9743820905862994
plain_unet_w5_d6,5,6,3041669,375756800,751513600,887,1152000,1x4x240x240,1x4x240x240,0.3165482966673947,0.9602764787390664
plain_unet_w6_d6,6,6,4378966,538324992,1076649984,887,1382400,1x4x240x240,1x4x240x240,0.016062638132036927,0.9430904130943102
plain_unet_w7_d6,7,6,5959251,730032128,1460064256,887,1612800,1x4x240x240,1x4x240x240,0.33902151961194055,0.9228238936520309
plain_unet_w8_d6,8,6,7782524,950878208,1901756416,887,1843200,1x4x240x240,1x4x240x240,0.7487041765645377,0.8994769204122283
plain_unet_w9_d6,9,6,9848785,1200863232,2401726464,887,2073600,1x4x240x240,1x4x240x240,1.2129853327257547,0.8730494933749026
plain_unet_w10_d6,10,6,12158034,1479987200,2959974400,887,2304000,1x4x240x240,1x4x240x240,1.7318649880955912,0.8435416125400537
plain_unet_w11_d6,11,6,14710271,1788250112,3576500224,887,2534400,1x4x240x240,1x4x240x240,2.3053431426740474,0.8109532779076817
plain_unet_w12_d6,12,6,17505496,2125651968,4251303936,887,2764800,1x4x240x240,1x4x240x240,2.9334197964611235,0.7752844894777864
plain_unet_w13_d6,13,6,20543709,2492192768,4984385536,887,2995200,1x4x240x240,1x4x240x240,3.6160949494568193,0.736535247250368
plain_unet_w14_d6,14,6,23824910,2887872512,5775745024,887,3225600,1x4x240x240,1x4x240x240,4.353368601661135,0.6947055512254265
plain_unet_w15_d6,15,6,27349099,3312691200,6625382400,887,3456000,1x4x240x240,1x4x240x240,5.14524075307407,0.6497954014029618
plain_unet_w16_d6,16,6,31116276,3766648832,7533297664,887,3686400,1x4x240x240,1x4x240x240,5.991711403695625,0.6018047977829739
plain_unet_w17_d6,17,6,35126441,4249745408,8499490816,887,3916800,1x4x240x240,1x4x240x240,6.8927805535257995,0.5507337403654629
plain_unet_w18_d6,18,6,39379594,4761980928,9523961856,887,4147200,1x4x240x240,1x4x240x240,7.848448202564594,0.49658222915042866
plain_unet_w19_d6,19,6,43875735,5303355392,10606710784,887,4377600,1x4x240x240,1x4x240x240,8.858714350812008,0.4393502641378713
plain_unet_w20_d6,20,6,48614864,5873868800,11747737600,887,4608000,1x4x240x240,1x4x240x240,9.923578998268042,0.3790378453277908
plain_unet_w21_d6,21,6,53596981,6473521152,12947042304,887,4838400,1x4x240x240,1x4x240x240,11.043042144932695,0.31564497272018704
plain_unet_w22_d6,22,6,58822086,7102312448,14204624896,887,5068800,1x4x240x240,1x4x240x240,12.217103790805968,0.2491716463150602
plain_unet_w23_d6,23,6,64290179,7760242688,15520485376,887,5299200,1x4x240x240,1x4x240x240,13.445763935887861,0.17961786611241015
plain_unet_w24_d6,24,6,70001260,8447311872,16894623744,887,5529600,1x4x240x240,1x4x240x240,14.729022580178373,0.10698363211223695
plain_unet_w25_d6,25,6,75955329,9163520000,18327040000,887,5760000,1x4x240x240,1x4x240x240,16.066879723677506,0.031268944314540574
plain_unet_w26_d6,26,6,82152386,9908867072,19817734144,887,5990400,1x4x240x240,1x4x240x240,17.459335366385258,0.047526197280678965
plain_unet_w27_d6,27,6,88592431,10683353088,21366706176,887,6220800,1x4x240x240,1x4x240x240,18.90638950830163,0.12940179267342167
plain_unet_w28_d6,28,6,95275464,11486978048,22973956096,887,6451200,1x4x240x240,1x4x240x240,20.40804214942662,0.21435784186368753
plain_unet_w29_d6,29,6,102201485,12319741952,24639483904,887,6681600,1x4x240x240,1x4x240x240,21.96429328976023,0.3023943448514766
plain_unet_w30_d6,30,6,109370494,13181644800,26363289600,887,6912000,1x4x240x240,1x4x240x240,23.575142929302462,0.39351130163678877
plain_unet_w31_d6,31,6,116782491,14072686592,28145373184,887,7142400,1x4x240x240,1x4x240x240,25.240591068053313,0.48770871221962414
plain_unet_w32_d6,32,6,124437476,14992867328,29985734656,887,7372800,1x4x240x240,1x4x240x240,26.960637706012783,0.5849865765999827
plain_unet_w33_d6,33,6,132335449,15942187008,31884374016,887,7603200,1x4x240x240,1x4x240x240,28.735282843180872,0.6853448947778644
plain_unet_w34_d6,34,6,140476410,16920645632,33841291264,887,7833600,1x4x240x240,1x4x240x240,30.564526479557582,0.7887836667532693
plain_unet_w35_d6,35,6,148860359,17928243200,35856486400,887,8064000,1x4x240x240,1x4x240x240,32.44836861514291,0.8953028925261973
plain_unet_w36_d6,36,6,157487296,18964979712,37929959424,887,8294400,1x4x240x240,1x4x240x240,34.38680924993686,1.0049025720966485
plain_unet_w37_d6,37,6,166357221,20030855168,40061710336,887,8524800,1x4x240x240,1x4x240x240,36.37984838393943,1.1175827054646228
plain_unet_w38_d6,38,6,175470134,21125869568,42251739136,887,8755200,1x4x240x240,1x4x240x240,38.42748601715062,1.2333432926301204
plain_unet_w39_d6,39,6,184826035,22250022912,44500045824,887,8985600,1x4x240x240,1x4x240x240,40.529722149570425,1.3521843335931412
plain_unet_w40_d6,40,6,194424924,23403315200,46806630400,887,9216000,1x4x240x240,1x4x240x240,42.68655678119885,1.474105828353685
plain_unet_w41_d6,41,6,204266801,24585746432,49171492864,887,9446400,1x4x240x240,1x4x240x240,44.897989912035904,1.5991077769117519
plain_unet_w42_d6,42,6,214351666,25797316608,51594633216,887,9676800,1x4x240x240,1x4x240x240,47.16402154208157,1.727190179267342
plain_unet_w43_d6,43,6,224679519,27038025728,54076051456,887,9907200,1x4x240x240,1x4x240x240,49.484651671335854,1.8583530354204556
plain_unet_w44_d6,44,6,235250360,28307873792,56615747584,887,10137600,1x4x240x240,1x4x240x240,51.85988029979876,1.992596345371092
plain_unet_w45_d6,45,6,246064189,29606860800,59213721600,887,10368000,1x4x240x240,1x4x240x240,54.28970742747029,2.1299201091192517
plain_unet_w46_d6,46,6,257121006,30934986752,61869973504,887,10598400,1x4x240x240,1x4x240x240,56.774133054350436,2.2703243266649347
plain_unet_w47_d6,47,6,268420811,32292251648,64584503296,887,10828800,1x4x240x240,1x4x240x240,59.3131571804392,2.4138089980081405
plain_unet_w48_d6,48,6,279963604,33678655488,67357310976,887,11059200,1x4x240x240,1x4x240x240,61.90677980573658,2.5603741231488697
plain_unet_w49_d6,49,6,291749385,35094198272,70188396544,887,11289600,1x4x240x240,1x4x240x240,64.55500093024258,2.710019702087122
plain_unet_w50_d6,50,6,303778154,36538880000,73077760000,887,11520000,1x4x240x240,1x4x240x240,67.25782055395722,2.8627457348228975
plain_unet_w51_d6,51,6,316049911,38012700672,76025401344,887,11750400,1x4x240x240,1x4x240x240,70.01523867688046,3.0185522213561966
plain_unet_w52_d6,52,6,328564656,39515660288,79031320576,887,11980800,1x4x240x240,1x4x240x240,72.82725529901232,3.177439161687018
plain_unet_w53_d6,53,6,341322389,41047758848,82095517696,887,12211200,1x4x240x240,1x4x240x240,75.69387042035281,3.3394065558153634
plain_unet_w54_d6,54,6,354323110,42608996352,85217992704,887,12441600,1x4x240x240,1x4x240x240,78.61508404090192,3.5044544037412315
plain_unet_w55_d6,55,6,367566819,44199372800,88398745600,887,12672000,1x4x240x240,1x4x240x240,81.59089616065964,3.672582705464623
plain_unet_w56_d6,56,6,381053516,45818888192,91637776384,887,12902400,1x4x240x240,1x4x240x240,84.62130677962598,3.8437914609855373
plain_unet_w57_d6,57,6,394783201,47467542528,94935085056,887,13132800,1x4x240x240,1x4x240x240,87.70631589780095,4.018080670303975
plain_unet_w58_d6,58,6,408755874,49145335808,98290671616,887,13363200,1x4x240x240,1x4x240x240,90.84592351518452,4.195450333419936
plain_unet_w59_d6,59,6,422971535,50852268032,101704536064,887,13593600,1x4x240x240,1x4x240x240,94.04012963177672,4.37590045033342
plain_unet_w60_d6,60,6,437430184,52588339200,105176678400,887,13824000,1x4x240x240,1x4x240x240,97.28893424757754,4.5594310210444275
plain_unet_w61_d6,61,6,452131821,54353549312,108707098624,887,14054400,1x4x240x240,1x4x240x240,100.59233736258699,4.746042045552957
plain_unet_w62_d6,62,6,467076446,56147898368,112295796736,887,14284800,1x4x240x240,1x4x240x240,103.95033897680506,4.935733523859011
plain_unet_w63_d6,63,6,482264059,57971386368,115942772736,887,14515200,1x4x240x240,1x4x240x240,107.36293909023173,5.128505455962587
plain_unet_w64_d6,64,6,497694660,59824013312,119648026624,887,14745600,1x4x240x240,1x4x240x240,110.83013770286703,5.324357841863687
